"id","name","address","city","state","zip_code","phone_number","website","rating","hourly_rate","image"
1,"Atlanta aBs Studios","448 Ralph David Abernathy Blvd #11","Atlanta","GA","30312","(404) 500-4724","http://atlantasbestsoundstudio.com","4.7","$35-$75/hr","https://lh5.googleusercontent.com/p/AF1QipMq6sRDjtqpYR43e1V-l6t9jHg8sHaIHq0Sm-Xz=w180-h180-n-k-no"
2,"Atlanta HD Studios","2343 Campbellton Rd SW","Atlanta","GA","30311","(678) 587-8207","http://atlhdstudios.com","4.6","$35-$75/hr","https://lh5.googleusercontent.com/p/AF1QipOxMfABiEIYEOGCVrVxNHZsxbjmuUDFK32Id-cg=w180-h180-n-k-no"
3,"Blue South Recording Studios","500 Bishop St NW","Atlanta","GA","30318","(678) 249-0729","https://www.bluerecorders.com","5.0","$110-$175/hr","https://lh5.googleusercontent.com/p/AF1QipOLtfDdbZVRVk6FPPpUNgqTbiqs2-DuxOVh9LKu=w180-h180-n-k-no"
4,"Deaf Star Recording Studios","741 Lambert Dr NE","Atlanta","GA","30324","(324) 633-3709","Call for more info","4.7",,"https://lh5.googleusercontent.com/p/AF1QipPAgzUe92oRrB3sl9NWC1UnP-cfsDIu7o1rHQA1=w180-h180-n-k-no"
5,"Lokey Recording Studios","735 Lambert Dr NE","Atlanta","GA","30324","(678) 687-5858","http://www.lokeyrecordingstudios.com","5.0",,"https://lh5.googleusercontent.com/p/AF1QipMZPoOytX66TxnO89Tdvz6JLDp_JWZ1QPSyvZB8=w180-h180-n-k-no"
6,"Loud House Studios","2115 Liddell Dr NE","Atlanta","GA","30324","(404) 963-7374","https://loudhousestudios.com","4.4","$80-$140/hr","https://lh5.googleusercontent.com/p/AF1QipMc151_MsZTDqtcdvLF-6ms-KYlYhSWWe_o8rN9=w180-h180-n-k-no"
7,"Parhelion Recording Studio","684 Antone St NW #110","Atlanta","GA","30318","(678) 949-9119","http://parhelionrecordingstudios.com","5.0","$60-$120/hr","https://lh5.googleusercontent.com/p/AF1QipPV8g2thvqC0XV481BwAthUom8ANpv2-yDnSrLp=w180-h180-n-k-no"
8,"Patchwerk Recording Studios","1094 Hemphill Ave NW","Atlanta","GA","30318","(404) 874-9880","http://www.patchwerk.com","4.7","$30-$250/hr","https://lh5.googleusercontent.com/p/AF1QipPQTy1iMdhb5D3zh4-1N9eR3uEQFJyqntBV2HL1=w180-h180-n-k-no"
9,"Soul Asylum Studios Atlanta Laboratory","1676 Defoor Cir NW","Atlanta","GA","30318","(404) 991-7081","https://www.soulasylumstudios.com","4.7","$50-$200/hr","https://lh5.googleusercontent.com/p/AF1QipObfi6p6UO4LvwFl0G4sX_ecAZsWJ7niuNn84Dg=w180-h180-n-k-no"
10,"11th Street Studios","699 11th St NW","Atlanta","GA","30318","(404) 249-8511","http://www.11thstreetstudios.com","4.3","$65-$200/hr","https://lh5.googleusercontent.com/p/AF1QipMuBI-A7HlcKwhhtzbTG916-Rtaf3cw9e9Rl8zj=w180-h180-n-k-no"
11,"Wonderland Recording Studio","3556 Piedmont Rd NE #301","Atlanta","GA","30305","(251) 610-0016","http://www.wonderlandrecording.com","5.0","$65/hr","https://lh5.googleusercontent.com/p/AF1QipOH2MI71YQkJw0pVJIYU2WgRNyV3jlw0PygNyiy=w180-h180-n-k-no"
12,"Solar Sound Studio","1453 Carroll Dr NW","Atlanta","Ga","30318","(678) 973-2295","http://solarstudio.com","4.9","$60-$75/hr","https://lh5.googleusercontent.com/p/AF1QipNSlGWqjgZgm9EGqASp_LmBefY0xI7PM7z60BkE=w180-h180-n-k-no"
13,"Bravo Ocean Studios","1040 Boulevard SE","Atlanta","GA","30312","(404) 747-5257","http://www.bravooceanstudios.com","5.0","$50-$85/hr","https://lh5.googleusercontent.com/p/AF1QipPdAPKWjcyeAzrCwzryC69UiZ4lgq1bxjQw9-J_=w180-h180-n-k-no"
14,"Atlanta Doppler Studios","1922 Peidmont Cir NE","Atlanta","GA","30324","(404) 881-1444","http://streamcut.com/doppler","4.9",,"https://lh5.googleusercontent.com/p/AF1QipNDzkMXVi4B8ZtfDk2NWiX51OEcOrFY8TBnW-am=w180-h180-n-k-no"
15,"Street Execs Studios","1740 Defoor Pl NW","Atlanta","GA","30318","(678) 337-8212","http://streetexecsstudios.com","4.5",,"https://lh5.googleusercontent.com/p/AF1QipMoCLmUkurfoI_ohGundNajddxj5MDLXj3zWMwm=w180-h180-n-k-no"
16,"AMS Studios Atlanta","211 Walker St SW","Atlanta","GA","30313","(470) 717-4134","http://www.amsstudiosatl.com","4.7","$65-$150/hr","https://lh5.googleusercontent.com/p/AF1QipN0MTjfpHnY2FyPWuX41_MU4nNT7h4OULiUioTp=w180-h180-n-k-no"
17,"Atlanta Record Factory","650 Hamilton Ave SE","Atlanta","GA","30312","(470) 878-7553","Call for more info","5.0",,"https://lh5.googleusercontent.com/p/AF1QipONa8Dx7YLqKZFP7qGypSBvrQY-WJdVwiq6hQf7=w180-h180-n-k-no"
18,"Atlanta Podcast Recording","735 Lambert Dr NE","Atlanta","GA","30324","(404) 682-6643","http://atlantapodcastrecording.com","5.0",,"https://lh5.googleusercontent.com/p/AF1QipPw91EOlsZGg90ifuwZ-Fb1otdQAeuPb6eMGEzg=w180-h180-n-k-no"
19,"Castle Hill Studios","159 Walker St SW","Atlanta","GA","30313","(404) 500-4633","https://www.castlehillstudio.com","4.5",,"https://lh5.googleusercontent.com/p/AF1QipMwLO2nyD2r97lb2hQAGQVZ-1BzQR8ihKQHUtI2=w180-h180-n-k-no"
20,"Stankonia Studios","677 Antone St NW","Atlanta","GA","30318","(404) 355-2121","http://stankonia-studios.edan.io","4.9",,"data:image/jpeg;base64,/9j/4AAQSkZJRgABAQAAAQABAAD/2wCEAAkGBxMTEhUTExMWFRUXGBoYGBgYGBgXHRgXGBgbGB4XGBgeHSggGBolHRcVITEhJSkrLi4uFx8zODMtNygtLisBCgoKDg0OGxAQGi0lHyUtLS0tLS0tLS0tLS0tLS0tLS0tLS0tLS0tLS0tLS0tLS0tLS0tLS0tLS0tLS0tLS0tLf/AABEIANcA6gMBIgACEQEDEQH/xAAcAAAABwEBAAAAAAAAAAAAAAAAAgMEBQYHCAH/xABSEAACAQIDBAYFBwcHCwMFAAABAgMAEQQSIQUxQVEGBxMiYXEygZGhsRQjQlJywdEzVGKCkrLwJENTk8LS4RUXJTRzdIOio9PxFsPiNURjZJT/xAAZAQADAQEBAAAAAAAAAAAAAAAAAQIEAwX/xAApEQACAgEEAQMEAgMAAAAAAAAAAQIRAwQSITFBIlFxEzKR8DNCFCNh/9oADAMBAAIRAxEAPwDJMVtzFB2AxM/pH+dfn50l/l3FfnM/9a/400xf5R/tN8TSVMRt69F3XZSY1JcXPLJBGwjEj2jLqC8tlOZ8upC894I3Zodr4izEYibh/Ovx/WqVxPSKeWHDIJHjSGBI1VHZb5dSxtbU6DyUVA9k5SSQg5c9i1jbPYsRm521tyBqUUyy9EIsZjMZDGrzPGSrSjtnUCIMA92DCxI0FtbnSrl036LNgMMZUnxcxaQKGMjhYI9Td7G7sdFubLruBtfJBciMEWN9L8jYg+w3FWjpF0rxWJkLmaRA6qnZrI4TKFAIKggNfvE3H0qGCIyfaE9ie3m3f0sn96rj0C6MTbRwsjNiMTCyunZzCSRlcEHPHlLi+Ww1FrFrXNiKossLkZcjEvfIApOcZivdAHe1DDTiDyqS6P8ATHE4NywlkdewaNEZ2KIzJ3GCE2AVgpsPGgBXpoJsLipYEmxISMqql5ZMzjKO/e4BDHMRYW9lQR2riLf6xP8A1sn96ldq7UnnjQzzSTFdFMjFyBc6XOvKm+IwzqkJKECQExm3pjOUOXnZgRbf7RdiL51Wky4hWxGNUL3o+xlnJecuuUBULXFmKkNvuBbmJDrcwr4dYBhJCuHjBWTJOxkErEflu9nIsFCkk2JYaXF8yineKYOBldHDAEWKuhvqDuIYbvCksdiGlleVzd5GZ2PNmJJPhqTRQXwLttfEfnE2/wDpZP71TfQmbFzYuIiaRkSRGlMkrZBHm1DFjbvC4A4+21bkiYKpIIDXK3G8AlbjmLqR5qaS8eI3HkeYpiNo6x9jthcIfkjPmaTPMTOzSRx2JCoGa6x5rXK62AvcXtf+g0zNs3BszEk4eO5JJJOUXJPE1zTtbab4qebFTEGRzmPhwCjkFAAHgK0noz1sphsHDAcIz9koTMJQL242yG2/nU0VZsxJ5mvWJtvNZDL13fVwPtnt8IqDddTWB+QLY/8A7B/7NFMdo19Sbb68JPOsiHXW1r/IV1v/APcHh/waRbruf8xX+vP/AGqVBaNiuedHJNt9Y2euuThgUv8A7dv+3TPGdc2MIBjgw6Xv6Qkf351+FFBaNwJOleMTzrAsZ1x7RUL3cNc2P5J+OttZDQw3WtteSKadI8OY4MnaNktl7Rsq6GS5uRbQG3Gigs6AJNhQJOWsK/zj7cvMOxw/zEayyjKO5G4Uq35TW4ddBc617H1h7dkJRIYMww4xOircQEAiTWS25lOU667qdBZuSk230ZibVzeemm3ZjEFxBvOrPEsfydSVjzBj3RdbZH0axOU2vUTj+mu1ezjL4ucLIC6FZWUsodkPotcDMrCxtuooLOqVJo9j41ylgtu4p0DPiZ2u9tZpDy5salDO31m9ppAlZRcX+Uf7TfE0lVo6NbJw8z4yTFGYR4eMy2hyBiTMkdu+CLd+9edK9kYSPD4TE4Qz5MQZgVnMZYGFkXTIANcxqiSPExEUdv4tb8a1/qsxWzocHiWknElmjmnDxMEjJJVAgK3dgeI42t45xN0Pxa4NcSyKsAjWXtC6gEOq5VAvmLkm2UDf4WNMNmykGQAkK1sw4GxNr895oH5JXpDEGxcsvbriA7tIJFuMwfcLHVSosuXhYW0tUdKO8vmOfE7zb+NKkNlYAzSpAhUPISEzGwvrYXtpc2XzIpxtbo5icKqyzx9mrsY0RiM7FRdmCi4yCwGa/wBIWuDekM0fY20cBh9l64u4UyQ9sInDxyYgFiI0Zc1rG+7XLrusMT2lGqyFVcSKLZXAZQwyixCsAy+RHPzp3jJWMZFzlOVst9LjjbnZmFSPR/onLj1m+TsplhWNuyNh2iMCCVcmwYEAWNh3hrQhMhRYhAxIF9SBmIF94UkXPhcedbb0c2vs7DbLhYSuER5IopJIg0qzOC7FEUNa2a/EWtc1k3SjYD4J1hldGkyKXCEkIWJIQt9I5Qp3W7w376i8NKxKqSSqlmC30BYKGIHMhFv9kUxdHmPjCyMqv2gubSWZc4+sQ3eBPEHjffvpPDxqzqrOEUmxchiFHMhQWPkBUrsXYcuNnaKGxkEbOqk2z5LdwHcGIJtfTS2l70ht3YU+EMYnURvIucRk3dUvYF1+jmIawvfum4FMRtGw9nbJTZmG7eXDzxRs4imnQxqZXZnK5Gsctzqp0OUHgKxHa6sJ5c5jZsxuYipjN9QYyvdyWItbcLDhahjsU5ijiLEomZlXgGcKGIHM5R7KSwGEeTNlRmCi5yqTblew04+w0kNsbX0tS66C3hf20921sKbDLAZlyGeMyKp9IJmygsOBO+3Ii9jpU5gur3aUypImFOV0VlYyQgFSoINi9xcW4UxUVI0tMe4nr+NXdOqLaZ3rCv2pR/ZU17P1T7TCgZIWtfdKP7QFIdFFv3fXSVXU9WG1N3yXjv7WG379LRdUu0z/ADcS+BlS/uuPfRYUUk8PKgT3R5n7qvJ6pdpfVhH/ABR+FO8N1N49vTkwyD7bsfYI7e+iwpkb1V9HcPtDHNDiULxjDs4AZl7ytEoN1IO5m08a0rGdXmzIsRFgxh37PELJI/z8vpwAdmLZtbrJN7KrWE2O/Rxv8oSsuJV1+T5EuhBciTNdgRYdiRb9Kl4esqHGYhMWMJIr4a4F51VbNBiGa/zR0KLITqNY4/GgBfA4PDzQxzvh27TGSRYWa2ImIZJEiZRv+jG5Fv0OVSOD6PYYzQhIGUSnFYJn+USqeywsvYpEv1maONnseELDyiMNt+LCpFAcLI3yWQYkO+JjuWSGWNQxEIFgkTLYAG4W53mj/wDq6Pt44/k8oMck2Jy/KlCM82MN1f5nUie2W1jY2zEMwIAlLs7CYaE4pMNlfDzNBCPlM/5Jo5Jct/oyMS67iLvyqfwfV9s+eebByYZhFhAnZHtZdROO0Njf6wfTn51X9pbXiWGaGWCUJK80pPylCQDDiYWVLYe2RUinIzXNwtyd1Se1utRcFNI8mDYvIQjKJwQpiRGH80N6zKd59VAFO6z+juHwGISHDIUTIklizN3izgm7Encq1Aq2laJJso9Il+XI4wqj5jIymU3jJfPmBXf2gFrfR360svU8/wCer/8Azn/vVLKRl/RKeaL/ACjNE6Ds4SzpJEkyyKcRGuQq2g1IN7HdXnS/FzTYLATytHlc4kJFFCkKx5XjDHuWDFjY7ha3jSnQTHLHisRG74dFnUxEYiKaZHJlUhcsRBBuAbk20pbrOxa5osKr4U/JmnRo8NDNCI3LKHDdoSHuyHVTbQ8xVEk9tLpn/IMPgxDFPhxhYVlzZgwly3zRuDZSnd1sdQapM0eUX5lfcNffRsBJmiAtcgWtqbngABvq8Hq7xE+BjmUCKQu5cTkxZIQBldswuoBVzu1DjgKQytdGNsLhpTO8Ec5jYlc5a6WOYMighS3IkGxAItVy6xOmMeMdoYooZYUNo5iGL5rd5o2DAKL6biGA1vpWczQZZXUMHBFsy3ynT0hcA2JFxcDfR9nA5Dbfc/Chgg2PFkA03irL0A6ZvgcSkLmNMK72mOQZtUsHL77KSvgADpvNKL0CmliGIM0a4QRmUzakhUUll7Pf2gIIte2m/hVIxi97+OQ/woQMsPTjpNLjcryIgsxKWQB1Q3sjNvawPlfWq7BoQ1L7S1Rf44AVddgdW8mKhw+IWZEgeMtIzK2ePKSGCpue+U2a40182LyedVHSPDYbEojYZQ8mYPinlPcXKzd1MtlXSxsbnmd1RHWF0ng2hMJo4GicXRmL5hJGpOQlcoyOB4nfbheq64XMzRZsgJK5rE5L93NYAZrWvpvpuBc2/i5oAWxu8eVWLq523FgsScTLJIoVCBFEt2mLfRYmyKg0a5N7gW41cI+rKM4GLFzduhjw7SS4cL33dbsLE6x5gBdbaX+jrWUOpXfvtQHRq3WX03TEwYbsI4XjnR8xliDyROjAFQSSEYZt4B4EGxrWejyWwmGHKCIf9Na5MJtc+B+Fdd7MS0EItuij/cFJoaY5/wAaDbq9VTRmXSkUFYV4g0NGtQUaUAEca16wr1xQYa0AVHrQ6Ky7Rwq4eF40YTLJeQsBZUdbd1Sb94cOdZthOpracVxHjMOlyCcrzC5yst/yf1XceTHnW5y4hBvdR5sBRRjIzukT9pfxoFRiY6pdrDdj4R6R0knGr5s383xzvf7R514nVDtYMXGOhDEFSwknByls5F+z3FiT51uDTL9ZfaK8GLjt+UT9pfxosKMQk6p9rE3OOhJ13yTHeGB3x8RJJ+2edJYvqZ2nLrJjMO5vfvPMdSFW+se+yIP1RWyYzb+EiF5MVAn2pYx7r0zbpvs4C5xkPqa/wp2FIadWfRiXZ+COHldHYys94yxFmCi3eUG/dPCrfVXXp9s387T1LIf7NH/zgbN/OR/Vzf3KQHM2y8HI800seU/JgcQwYkXVJUWwsN93X1XpXphhJ+2OKnRYmxjSYhY812VZHLAsu9QbmxO8Cpfq+xckeKxfZQwzu8LoFmljiQHto3Dt2jAOAUHcB18qJ1jx4ljBiMXBGk0qsrzRSxyLiGiyrnyxkrG4UqDY2J3AbqokgdmYgrbKxUjW4JBBAJBBGoO+tQ/zkTfJoYezSePsAmIM+Z2mZx3xcHRQCVubk8RpVc6SskmF2e0OIhcRYdEbDrYPHKRd3Zfp5tLtwyjzqJgAynxNxY7qTGgwjA3eXPT799ex4lI7MQrAH0STZiOHdIPsIq+9XHR9HhxD44RLh3VHXNIodTGSe1GU3jWzkG9ibjSxqgdK9opiMXI8SdlCLLEgAARAAo05n0jxuxvSGSu0usLHyhYYSkEYWwjhjUDLusQc1tORA3VDNsyZu8QL+dWPods6Iq8r6ZmsOdhp7LgmpzE4VQdBpWbJqNsqSNmLTKSuTMwmeSNwHAuNRmAI013EFWHgQRzFX7Z3W1i48JKjPnxOePsXMcYCR65wVVQptlUDT+cPKm3SvAQtDmQkupBsdPA+rw8KoTxZTbl7j99d8c1NWZs2P6cqJzF45sSXmdUDue9kQRgta9yFFsxsTfjUdgcXJDIssbMjqTlZdCDbWx4Gx99ah1M4PDusiTyQt269mMM2ruUOfPY7gAGItc8bi1QvWq2FeZDhMRE0cK9j8njRk7IqxzMpy5GBbeQQdBv3jocxvL1k45cPHAk8glErO0xIdijAZI7tfQEuT5J41V5NnzzK+IWNnQOFdlW4V37wBVfRBvppbgOVNB6Snlatd6m9qYSBnj7Z+3xGpUrljRYVdguYm7PlLkm1tLcLkF2ZPtbZM2GcRzJkkKq2QkXUNewcfRYjXKdQCL23UtjMXIct3c6W1Zju058rVPdYW2cJjJflGHjmR5Dd+0KkNZQgKqLlTbJxtpuBquYgd2/Jm+6gKFcNI2VmDEEWsQSLcadJtnEAZVxE66cJZBytubzprhPybeJPwNJW1BoAlsP0ixiqCMZiRckfl5fD9Klk6UY4hicbidLfz0g3n7VRCD5tvA3orNYEc7fGgB7idsYosQcViG+1NIfi1NlzS2LksLi5Y39l9/qoqrnYkWOtlB3Ei12b9EeznoDU1sLZ8cwLEtKdQBmKgfpchc2171vqtvrnPIoqzpDG5dEHisOqkkqovqN26/8A4rx4l7MGw323eutCh2IYyFMyxqbEIY5JEOn0pStlG+5sBruqH6U9G2iTtY0tGSMwBBCtput9E3Ui2hDKRbMAOWPUxk6/f34sqWJxK3jIhlXQa67hyX8KWRAIGNhr4UTEfkUPjb4ij3+YI43HvrQcxFFtEDzY+y1JSr3EPn7bmnUi/NRgcz7zTZz3LfpfcaBMNgt58qmI9w8hUPhN58qklm0pMcRz1Z64rFqMPLMzRMFMUMM7RHtUOfJMQm644791OetqV+zwUTwTxGPtzmmhggz52jPdSAlNLamw3jfTHq7mIxOKSwKyRsrq2FlxYYdqpsY42UjUA5jppbjSnWhFh1XCiGARSfO9oy4SXBq4umSySElrDNcgnf41RJZtgdVEs+Fw864qMCWFGyNGwKhhe2YMb8r2pU9UOPTRJcMy8LvKpHq7I6eutN6B/wD0vA/7vF+4KsYpFHN+3eimI2bftJIs0twBGxY5WO8hkHL2gW3VV8OlyB9Zrgnf3QN5Hj8a0Hrdx3aY1lHeEa2A4XAU+8kj9T2UXCf6wiDcR7N9gPWBpU35L28pFugkMMKZJNe6GAQEIzAtZmNgGsD3dalsPKWjVnexZCQbey/LjTn/ACSFRc+vEggHU7/48KjsbtaM3tG2ZSUF3Rb2bQgd6wIvvrzpPf0j041Htkc8gKSCR3IyrY5VIBe9lJBvwPlxtVK2hHlKg8iL7tNd/K2tadBhFcMQSqneOY8qz7pGmVhpezED7h67n2Vp08020jNqoUrsX6GGZp41hkWOQ3VXYkZSVZd4Byixtex38LVb8L1L44AhpcKPJ5T/AO0KzvZ02RwQTcfSU2Ohve48r+oV1X0fx4nw0cv1hqOTA2a3hcG1avJi8GR4fqWxNu9iYPMCQ6esCnCdSctwflyqf0YWvrcHXtBvBI9dbKtCgRlLdSsJ9LFyk6bo0A010BJ+NSEPVDgQpDyYhzcknMi6nkAmg9ZrQ69Yb6QzOpOqDA5e7JiF/WRtfWlMG6mIdP5XJ/Vr/erUTuFBqLHRlj9TSAEJjGGb60QPwcVGYnqadEZzjVORS1hAdbC9vyunvraDVd6W9I0wsErlQxUHuk7+7ciw7x7pvoPWKLCjn7Z6qFUZb2SNj4tIC5W3EWZD5ipjBYmVzqoS+g73EnnoKgujUt81+BG/Wy5QAPUAB6qlo0WZhcaKe6AL+Gc6GwuD7PGuE17m3C+E1+C3bYfE2iyFbIFVu9ffY3Yj9G+m+nRxRcyRtlCSxurAH0Wscrjnq1ud3BPo1G7PjSI9oqOGawOZPyigblfKCWAucp32sN96S6y8SFwyvGSrZlysNCOfuuPWaw7G2oL8nWbVNsueD6ttnSwRnJKnaKr2Ep3soNhe9KDqnwFzrOdb27ReVuCeNV5OtOKbDCGGB43VF1kZcg7PLojA3LXtYkLbfrax1nCSFlVyuUsoOU8Li9q9U8wpw6rdnWUFJWA4GVx71safw9A9mqLfIoWA+uDIfa5JqzNXhoAgI+hmzvzHDf1KfhS3/pDZ/wCY4X+oi/u1MLSlAHH2ydpPBiw6SvEO1AcozLdO0BIOXeNN3hS/TjbDYnG4l+2eWLt5jDmZmAjaQlcgPoqVy6C24Uwi2fJNK6xrmILE3KqAASblmIA3UNp7HlgsXClCbK6MHVtL6EbtOBsd/KqJOkegPSLCHZ2Dj+VQh1hRWUyKpDKoBFiRqKuCTgpmUhvIgj2iuT9gODZG3MNPtfwKd7N+ZlMR0DbuGvA1LKRY+sDXFyNcGzsRw1ubb+AsBryFVDZ8uXEo1xYNc35A3/H2VNYyDMLjU/eKgcRgyulvXUx6o6TtOzatpTHIiqCSzBTbfYqToeFyAL8ASar2KIQ9m0sYPJYmIF963+lr5Ux6NdIs2DBlOsZyB9folT3uRykefnpSG2ukOHMgKte282Jv4jw/CsaxSuqNccsaux8ZmRsptlKggAnfe3HUDdpVO6UMc6AbzqPP/wAmpSTbiO/cuxy23W1+4fjUDt+JywdtT4cNeFd8WNp2znnyKUaQxiYA3Ho39tzoPKwNdAdUm3YmwnYtIgkQ2KkhToB3gpPEWv4g7qwPBoXta1xv/wDHsqZKKkZDC9+Hu3V3ZliuDp6bHxILvLGo5s6qPaTUbiOl2AQd7Fwepw37t65swZ9GwG9j7qcY5jlI8F+NMR0EvTnZ353Hw+t58qb4jrF2cn8+T9mKU/2a58xBClAN9x7hanU7923ifcaQG5Q9ZezGFvlBX7cUq8eeW1PW6c7N/PIR5kj7q5sxZ+a8czfdS0uqX8TToVnR8nTHAMhCY3D5iCFvKq6201O6sO6VdM8S4khZgbhULh0KsFykFAujAgHU33g6EVAM9tPAGorEqOdFBZJ9GpBd146H7vw9tWWMqRYMVPMG1VTo/Hmdhxy6e2nmO2dNmupLeFwCK5zim+zTjlJQ4VmpdHJEWE/OFiPrMT8TpVT6wsWPk6gi5aQWsbWADG+7ypPYPRPF2V3cIjcM12Ivy9XxpbrJ2YIsNEAb3kF2P2WFY4xisqp2d3JvG7VDLq9iwEbLNisYqtmFoxEzOpDgghipVd17gEnQaa32HY/WJgmhj7WQpJazKI5TYjS9wpGoANrm17VzrhIgNRZzbS9xb8asGDbQ1vZgXsbXius3Zyn8q7HkIpPiwAqKn64MIL2w+JI52iHu7Ssbxx79Fl9Fh9k0Aa9/nmwv5tiP+l/fpyOt7D/m8vtT8awy1P0Og0pisfdGOkMMSSRTyFSJiU7rHuG91uFOmbW3iaX6Q9I8N8mlSGbNKwAFlbi4LWYqB6OZb8gvjVCxf5R/tN8TSVOhWScIKhSOAB91T8oEqLIPSH3fx761TYPV1gMVs/CSPGySPh4yzxuykkoNSpuhP6tKQdT8K3EeKlA5OqP8MvCkykZ1C1wDz1pPEWPCtRh6pkGhxbHyiA/tGln6qcOd+Im9QjHxU1NF7jPeh0SSLLEU7jAE6aXuykE8yLaclPKmvSHoxh47GMNrwvoK1PanRgRPBHhIh2aI5ZQRe5KjOSTdmbcfsjlUHj+iWJlYWhcDjcoPi1Z5uUZ8XR3xqMo+qjN8Jg0T0VsamsLsZsXIkMQu1iTvsoGgdiNwDFdOIBterrs/qvLG88uQfVTvN+0RlHsNW3o7sGDDFzCmUHuX1JbLvLMdT3r6btNBXRJt2xSlFKkNtndDMLFFFF2YcRKFBYA5iBYsRzJufXUbtrq2wM17K8LHjE1h+w11A8gKutq8y10qjhZjeN6qsREbwSJMoDaEdm+vAXJU+eYVTNubOmgus8bxt3bBha4G8qdzDxBNdM2pptPZkOIjMc0ayIdcrC4uOI5HxFMRy9Mt3Hl99qdYkcPP410BB0E2aGv8kjv45m9xJFSadGsEN2Ew4/4Mf92mI5axY+bHm1O4YiY/ROp5H21svWds7DRQRCPC4dXdyMywxhgFsbKQLgkldeV6zqHFBD6NwDqdbXva17fxY1EptcJHWGJNXJ0Q0WzmcKTpYAE2vupDHdHTbMjhrbwdPfV0XpTgwAOzlkPHs0zAHlckUljsXhsQyiLOjWN0dCrW33yn0gNdx41n+tkvmNI0Rw4mqTtlW6P7KlW8rDKtwpHG5BIa/Lut7KsLxDy031K7PgMkhhaydopVD9HOvfW54XylNeDmmHYZrDUX1A+6pnk3eo0YsagtpZti4n5sB2uRYcvKj7fijmilVkDhYnIBt6VgoYE8QWBqtYZyja3sKkp8f8zIbG8hCx+CrdczW5k4nzMS1nhB77XyPKl+SsYYx5RZOHIfhS8ccJuMuU8x3fYALe6gE3DfbwpcyRxi72A5+PLxNaHL2sNir1UQ20djSGT5vv3F7XAI876ew01fBSJnzoyjLoSNLi2l+dTjbYw49JJBfczRMBfztVh2OYWiKsQwYX1XMtvHeLbt9V9acVyjLLBjduLMxAqQjj0HkK6F2FsnAyRJImEwqkqCQsMXdPEbtKl/8lYf+gh/q0/CtV2uDHVdnOnVdMVxeLCxs7NEwDIcMGT55DmHyghDutxOu7iFut6AhcGzSOzMJrpIMJmTKUsb4YZSGvfUndw1qs9HNodjjNYYJhJIIys8aygBpBcqDubhfxNOOsTHK2NnhTD4eFMPPNEnYxLEWVZCo7Qj0iAo18TzqiTo7oEv+i8F/u8X7gqdiOtUHoR07wEWBwkMk5V0gjVgY5SLhQPSCEH21ddk7QhxCdrA4kS5GYAgXG8agbqkofM3KiXo9FNAIa5rTecenqbX94U6LU1xAs6N5qf1hf4qB66cUkUJYqWykjfw8zu99CCPKoXkAKLMtyo8bn1f4kUsaAPKFeE14TTEek14XprPNZh9lj7Mo/tUjJM1jz192nxvUtlJDsYlQygn0jYeZ3U8NVHG4Znsb94d5fAqbj3ijQdPcOxkUxyqY3MZDdmLuNe785uPAm28UlNLsext0it9PYHmxbBcx7KNQLAnLn1LeF8w18PCqni41CGEEXIJFty97LlN+QA9rczVo6WbSMxMcayLG1u0LgHMfSDaNvU6WBtpp41TpHiA0iBHVndM0mTMbP6DBr21LIzA2Fw17CuSabdM7bXSTQzdUUZYxZR/GvM0tFGDYNobgqRvU8CKRmjyuEPAXPmafSRqIwQdbi33iuTZrSsmztCJVzMuV1GbTdmXvCwPC40o+Phj7V7NazNZTpbU7j7arOIbNGQ3pA908xxU/H1VJ7Ycl0bgY0Iub3JUOfL0xXNY0osdveiPx8wBP3Wou2dpdiI1K6dmhA1O9EY/8zv76Z2zva2t7es6U/2/GGxDalrXAvyzEgDkLEV3iklTOeRybW0gv/UP6JA8rU7QZ7O2+2nhf4cKJiMILi440tKcvdtqN/rqvT/Ulbv7sm9kKNxtltrfx4W4022zAMO7KgKq2R0sdMxzBlXlbKp8O0PhTlGyzop0zgDyvuPtAr3pBiA2HkjI+ch+cTjcoe8Lb/QLfwKzwbU/kvKrjx4GGzcS8chKuQynukEgkHfZgd27QW31pEG3cWVUhwQQCCQlyLbzpWP7K2orXNt97C/G97342t7/AFVesHm7NLEgZV09Vdc1xfdHCFSXVmedA9kpPicSZI4pEijZyJRiGt86q3VYDnZu94076ztkYeGHBSwRJG0xn7QoMSobIyBe7iO+CMx1trem/QWRY5MfiGM3zMJfLDO+HLXnjSxkTW3evax3Ubp/ilnwuAxS9uO1OIUpNiZMTl7No17rOBa99bDlyraYRnho3+TKw1ZFBA5gi499xXUOx9nJh4I4EFlRQPM72Y+JJJPnXP3ROIMcIPrGJW8QxH+NdGudalMtoFFNGXdRWNMQ3xa3U23jUeY1HvFeo9wCOIvRiaaYdtCCbkEj1HUX9RqfJQrBrI510Cr69WNvatLNSWC9Em1rsT93tsBStCATZqQkejuabsNalsaQliFuQeQHukQ2/wCW1LFLA+VvX/5pGc2yeLKP+YN8FNPQt6SGNlg3eVY11rbPbDYztFuFnUN5sndYW8B2Z/WrdESqd1ubF+UbPd1F3w57ZfsgWkH7BJtzQVSRLk/Bley8EkkSvJimzsbhbgquRvRcMLG4F7HSxFLTbUwcNwo7RyfoWVdSOVgAPDTTdVNf0GHNT+8KKITcDmbVDwW+Xx7HVailwufcsyMzu8jGxPDlwAHPSnG1JQnZq12FrnKbG+7UW89K96O7RhVC0oDMbCxW4tub13+NMttOJGfJcLuW+pAAsCfHj6651c6a4Ro3ei0+STWSOT0fby+0OHnUjh8OrJaTEKHX0Qx0tcKFzfRuLeAt66qGzM8RDXBYHzFuR5ipyd0azqbDiu/KePqqJw2vjo6Y5/UXK5FdlYc/Kxo2RJM5YC4yp3zlb0ToDxo0DmaV2sBmJYDgo3geQGnqplBgeyM05YNmjMaAHjLZW8rR5/d6lYIiFv6v/HM05tVwxY1LdyiZj2aVbtJCtgLr9WxF81+J/CoCdHsXZGAZtCQR6vZVnwezRkXNqd4BJIUW3WPGhtlk7EDMPSABO4sdAB7azRy1Kuzs4or+0sWS8RsfyZ71iNVa34e2j4iXMyyk77BiPouNAT56fwa829FLHh4pCBZGKtbUrnAsG8Lrb1022ZjwwIUDPbvIdzLa/d+PMWrQl6dyOW/1bfPgTXZERl7Qb76iO1juvdeBI4jnuvU78sfkff8AhVV6QbMlgcSa9m+qupNs1rlCdLMOXEajjZiNqTf0jVbxOaTuzitRCDacaf8Aw96KbOlxDbQiiaTMcOxCR2Pan5TCojYEHu3a+ljoNbXovTjZrYMYfBSTO8kKs8iFbRxNNlfLE299ALtuvu4076Dqwkx8gxT4VEgftHjjEjmN5o1KqCy5Tcr3gb6Ul01wwGFwEiYuTEwkTRxdpEsTRrEy3W4Ziy3bQE6AaWrWYDeugOwcK2z8DI2Hiz9hE+bIA2YKCGJGpNwDerdIbGoLq9H+i8D/ALvF+4Knp10qSkFkksL0QbhRV5Uow0FIYkxqMxkhS7AHv2UfbJCrpy7wufKpRxpUdiNZFRgAAUZCQTdj2lwPHKt/XUyKQ/jGVQKMT3aZQYovrYhdLXFmudSGFzbTJpv1p7JwFUmJiFq8yUoBR1WlQWQ+2mCvhtbXnI9sEv32qWiqr9Y7lIIpRf5qVH0/RN7esC3rqzRNexG40l2N9C9B1BBBFwRYjmDwNAUxk2xCHMat2ko3xxgsw+1wTzYgVQqIt+guzm34OL1Ag+0G9NperfZjEfya3lLMPH69WmFmIuwy34XvbzO6/l7aON9MRnXSDqzwceGmfDI6SKhcXkdwcveIysTqQCPO1ZHG1jqa6iZQbgi4IsR4VzD0gwLYfETQ2v2bsuvEA6H1ix9dJouMqFlANL/Jd1iR76i8I44VK4aQgiuM010a8TUuxy2EVWyliRoR7Ks2z9iCUdo8pyjcoAFvXy8AKrO0MRmcGwBtw8KsnR+c5CoBN/YPGsuTckmaLpUh7MwXui1vD4VLbB6M4fGo/wAoQuqstrMyd4Ak+iRfeKr8rAGym7H3DnWgdBIcuFB+s7H2dz+zUaWF5EzlqXWMaYzq9wMgysspUm5HbSWJ8ddaSj6sdmhw4ifMLWPbSjhbg3KrhJQU16aSXCPPbb5ZWsV0FwLr2bxuyhswUzTWzWtfRxrYn200/wA2uy/zY/10/wDfq3yCiWoSS6BtvlnM/V8xEuOZmw6wiEmb5RFLMhTt0sAkZDXzZeflR+siTNh8C0b4VsOflHZfJoZoQCGjz5llYnfblxqA2VtFkbFQIoY4sdhckjLeZHDeOq29dDpHipESPZ8iqGwUuIQspJzs8gzbwNAU053qzmdDdWXSbDSYTB4UM3bLAgylGsSqXNmtbcDxq7yVjXUpBeaNvq4W/rJRdPUTWyyCpTKapjdDqKVcVGYva0MUiRs4MruqrGvea7G1yPoqNSSbaD1VKPSQ2JuKbPhRfMBdhuzE2F9NBuBsSLgX1pyaK5sKGhjTB4fLlW97WuTckkAC5uSeFOn30TCDeaPSXQPsLbWlKTO8UpTEQfTTD58JIOQv7Kp+weseNcJGpjkkmRcjaqqkr3QS1ydQAfR51eukRHyaW/1TXPWw0u7LwzN7jUSdWztjSk0mX7aHS3E4jTP2SfUjuv7TekfaB4U46C7Xw+GlmM8qRBkULmNgTmJNj7PbVZz2NRHSRdFbl94/wrPjk3ktmvNBRxNJG94XpFg5ACmLw7eUsf41IQ4hGPddW8mB+BrlVJe4t93eHr3j7qRW1wSBxB0HGttHm2da8zXP3WGwbaWJI3ZgPWqKp94NUSTDqD6I9gqYhcHL9ke4WpMqD5DDD21p9h+Gh91eKmlLo1x6IrjJ2bIQpglYlh3W/wCn8b1a9iQt2RKh9dN6W9dhVSW7SA6eVhbTwtV+2LIBGBkW/PKKy5uEkdYvtikezQiE6ZuJ+6rJ0P2nEkBSSREKubBnVbg2OlzrqTUY8gKtesu6wXBeKw3Z9fPJp7qjTP8A2qiM/ONtnQx2hCd0sZ8nX8aAx0X9LH+2v41yoVGUbv8ADl8aRVADew0B4e6vUo86zrCTaEP9NEP11/Gk/wDKcH9PF/WJ+NcybSQZmI46+6osxjl7qErG3QfYWzpZsWexVGaN+0IeWKG6rINzSMBe9t1Oenmy8QmJfEzRLGuLmmljyyxTDWTMy5o2IuudRwpx0O25h8JPiWxCMc6MiMkUMxR+0Vs2SU5dykeulen/AEogxkWFjg7U9h22ZpIYIL9qyEZUhOXTKdbD10ySb6FSlhh1VirXQXUlSAd5BGu69W/pNtSYsVEstuXaPb2ZrVROqxGfFKSSRHC724DcgH/PerXtB7ufOsGobU0kehpEpK2S3Vlg1fFhiAOzRnA/SNkv46O3urVnrFth7Y+S4mKU+gDlf/ZtoT6tG/VramrvgdxOWrTUwgFNsQ1ON9M5tWtXRnBDiFbL50KUekmpiPG3ijiiHeKUoGQfTKTLg5j+j94rC9ii0kp8W95rb+nP+ozfZH7wrFcCtjJ4n8a5ZOmd8C5X74D9qS3C1Nukb/Ni/MW9hpaMd6mfSx8saeLW9xqYr1I6ZJPbIg1W6Lb6xPsFJyXtQXHjKFsdOOmteDEqbXB8fxrUYBWOJnZVAJJIAHjypTFzqkuUHRbKTzI3nSjbLxBMndIGVWN91rcfbb21Ck3oC6Lps+dWFgwPr+6nvZ1SsEzAmwN/Df524+qpdMbYd6QpyGuU+RGo9dcZYueDXDUqqaLFhYxmFXXYraW5a+qsfxW0ZBqsoItvQ63zDeCL3IPh7tZPo7tJsytJMQjMsbI12+iSXF9FHd4X9wvwyaeUubOn+VF8JGrY6dBGczADj4efL11mvS3HB37ARFVtdWYWYuBwHAHUX43q3xdlIe5KmmigObgbyFYm+vK9qpfTDCusmbKVZdRbcB4c/OlhwxjK/JGTLJxorytpSb15LOLnfzGltDqPcaLJiF4AitxjHuIkuR5Cm5Aok+JUgWBvYAnmbb6R7YeNCQMYYv8AKP8Aab4mkqVxf5R/tN8TSVMRpvVAO9iDxEKgetv/AIipbFv84wqL6oh/rP8Aso/i1OtoPaU2rBmV5H8Ho6V1AneiexVxmJEb/k0XtJB9YAgBP1idfAGtiYW0FZh1Sy/yrELxMSn9l7f2hWokVowxqBw1Mm8gk2gNNsKt2J5Uvim0tQRbL51fk4+D07qTalWG6k7a0AeHeKPRSNaOKAK/05H8hn+z/aFYmWys3nW19Oj/ACDEfZH7wrG5IbqW5tb/AJQa5T7NGG/AMIwLC4qH6cSaxqPE/D8an8Hhheqr0vb58KOC+8k/gKjFTyHXUWsbsghXteUL1sPOFUAyvffYAaXGra+R009dIoOdODOQmUEWPC2p8Sf4NIxAX19ml/VegB5KSbWN9248RuIPA+z101494G96Vdhe4IPj6Levn6/VR2lVx3tCBo1vcRypDCHBDLmVwwDAHQgrc6E3FrVIrgwuQMym7DuqSxFs4N+HLcbb+VJpstrE39PUKNQyd4Z734EEWtzqa6LdFGmIOYWBU2INt7ixPLuNu5WqW0hpEtsdUjIMcX6zm7Hh3RuUePs51KbXw+aPOd53+Q4AcBT6DYbA6kNbla3LhwqQbAXjZToCDWZy5s0JcGHY1LMeOpHs3e61IU8xyXkkAuSpP7I4+e6mda0ZWChQoXpiG2L/ACj/AGm+JpKhQoGad1QXPykf/ij+LU42qpMhHG+tChWLL/I/g36dXAuPVBh74nESfVjVf22J/wDarVL0KFaIfaZ8/wDIxoRmaln3gV5QpogDb6Iu+hQpgBjRloUKAKz1gt/o/EfZH7wrNZsNbDRN9Z29ygUKFcMhowdoTwlZ/wBIZM2JkP6Vv2QB91ChU6b72ddX9i+SOtXtqFCth544YMYxfLlFwNBc63Nza/H30XOyaBrHiBu158+FChQB5EASM1hrv14+V6XxmEaJykq2YW1BHEXFwNDcHh66FCl5AUaZhFYHQN3TuKkr3wByaynzXxNWvq822I5o42OrFju0tZiB7WY+s17QqZLhji+TTWxA/gUbDyA7+Ne0KyGkwLbyZMTMoP02B9u6o+hQrbHoyy7YKFChTEf/2Q=="
21,"White Dog Studios","229 Bradberry St SW","Atlanta","GA","30313","(404) 355-2200","https://whitedogstudios.net","5.0",,"https://whitedogstudios.net/wp-content/uploads/2018/04/white-dog-logo-min.png"
22,"Red Tuxedo Mastering Services","3399 Peachtree Rd NE #200","Atlanta","GA","30326","(404) 333-8180","https://www.rtmastering.com","5.0",,"https://static.wixstatic.com/media/1e3d38_5138ab2c71496bb1dab4b29ea463f15a.png/v1/fill/w_172,h_130,al_c,q_85,usm_0.66_1.00_0.01/1e3d38_5138ab2c71496bb1dab4b29ea463f15a.webp"
23,"COS Mastering ","800 E Ave NE","Atlanta","GA","30312","(404)524-7757","http://cosmastering.com","5.0",,"http://cosmastering.com/wp-content/uploads/cos-mastering-Logo-9.png"
24,"Triangle Sounds Studio Atlanta","1410 Hills Pl NW","Atlanta","GA","30318","(678) 244-1100","Call for more info","4.9",,"https://lh5.googleusercontent.com/p/AF1QipPHRbOGWAazuZey21OBZSp5ADuFmHlg-UKuhB93=w180-h180-n-k-no"
